/products-home /products-home.html 301
/team-home /team-home.html 301
/contact-home /contact-home.html 301
/PrivacyPolicy /PrivacyPolicy.html 301
/automatic-feeding /automatic-feeding.html 301
/car-charger /car-charger.html 301

